timestamp_s,ego_x,ego_y,ego_speed_kmh,ego_heading_deg,lateral_deviation_m,indicator_state,vehicle_length_m,vehicle_width_m,ego_origin_ref,collision_flag,task_complete
0,-24.0205331068359,16.4203060832046,0.0797968582277222,89.6337504298451,-0.864392265802137,none,2.1,1.4,rear_axle_center,0,0
0.1,-24.0199329455248,16.4192249882885,0.114442983813568,89.6339281519301,-0.863785227642498,none,2.1,1.4,rear_axle_center,0,0
0.2,-24.02579159412,16.4183375421645,0.0153672808086253,89.6391639075563,-0.869638102238326,none,2.1,1.4,rear_axle_center,0,0
0.3,-24.0264258978529,16.4185743691938,0.022261042730236,89.6392102724598,-0.870273902219784,none,2.1,1.4,rear_axle_center,0,0
0.4,-24.0255051834963,16.4186841396082,0.0311207159694731,89.63867111185,-0.869353906043725,none,2.1,1.4,rear_axle_center,0,0
0.5,-24.0244064744385,16.4186329123446,0.0470537055551275,89.6385135009874,-0.868254892858993,none,2.1,1.4,rear_axle_center,0,0
0.6,-24.024000001153,16.4184878142064,0.0325967435147799,89.6385219888394,-0.867847503221069,none,2.1,1.4,rear_axle_center,0,0
0.7,-24.0254565537575,16.4183900957919,0.148192478894191,89.6390399045974,-0.869303403564347,none,2.1,1.4,rear_axle_center,0,0
0.8,-24.0396147302689,16.4184493246164,0.745452190930068,179.473352707262,-0.883461670042539,none,2.1,1.4,rear_axle_center,0,0
0.9,-24.0734188777827,16.4187646155556,1.44014559507322,179.662522907816,-0.917267140346167,none,2.1,1.4,rear_axle_center,0,0
1,-24.1252672974042,16.4192361257728,2.12564690307854,179.675819331516,-0.96911751187408,none,2.1,1.4,rear_axle_center,0,0
1.1,-24.1949428259113,16.4197392350554,2.80709662442702,179.650456622775,-1.03879483169915,none,2.1,1.4,rear_axle_center,0,0
1.2,-24.2829879275628,16.4202954494014,3.48826546764313,179.617455659253,-1.12684169010852,none,2.1,1.4,rear_axle_center,0,0
1.3,-24.3899337358875,16.4209678780737,4.17042188353193,179.599568734506,-1.2337896119968,none,2.1,1.4,rear_axle_center,0,0
1.4,-24.5160179468351,16.4217855947873,4.85316163805237,179.600961276394,-1.35987647375345,none,2.1,1.4,rear_axle_center,0,0
1.5,-24.6612319666142,16.4227643571308,5.53564845856835,179.603528626016,-1.50509378217322,none,2.1,1.4,rear_axle_center,0,0
1.6,-24.8254712839077,16.4236689570676,6.21728978340321,179.708708713024,-1.66933552925081,none,2.1,1.4,rear_axle_center,0,0
1.7,-25.0086277889689,16.4245956251192,6.89797008278222,179.726381637797,1.64750577935832,none,2.1,1.4,rear_axle_center,0,0
1.8,-25.2106524031029,16.4263515936976,7.57982263725446,179.332971397708,1.44547407744598,none,2.1,1.4,rear_axle_center,0,0
1.9,-25.4317984147382,16.4292819764149,8.2753292823442,179.342192310382,1.22431388256753,none,2.1,1.4,rear_axle_center,0,0
2,-25.6726706257325,16.4319974212162,8.99461601711738,179.060697530478,0.983429258477459,none,2.1,1.4,rear_axle_center,0,0
2.1,-25.9335711744611,16.4420611174024,9.73264502765853,177.31481893536,0.722469878215721,none,2.1,1.4,rear_axle_center,0,0
2.2,-26.2155667698208,16.4567772839139,10.5152154710229,176.660797828861,0.440386232800394,none,2.1,1.4,rear_axle_center,0,0
2.3,-26.5197834509574,16.4746208761952,11.3347342367884,176.161057411941,0.136062023950389,none,2.1,1.4,rear_axle_center,0,0
2.4,-26.8467066445956,16.4964670587311,12.1648006784479,175.709398134041,-0.190993741991651,none,2.1,1.4,rear_axle_center,0,0
2.5,-27.1963538270149,16.5229286909638,12.9981414093383,175.242623996082,-0.540802446259174,none,2.1,1.4,rear_axle_center,0,0
2.6,-27.568805327242,16.5545466354896,13.8353541242964,174.735607490265,-0.913447862772822,none,2.1,1.4,rear_axle_center,0,0
2.7,-27.9644732837375,16.58949636715,14.6810299149018,174.638988463785,-1.30933049525023,none,2.1,1.4,rear_axle_center,0,0
2.8,-28.3833302089949,16.6289575902104,15.5288968316706,174.324951810003,-1.72843037414254,none,2.1,1.4,rear_axle_center,0,0
2.9,-28.8254081276013,16.6736757367584,16.3806158724071,173.906684237855,-2.17078427348443,none,2.1,1.4,rear_axle_center,0,0
3,-29.2909814032233,16.7226384181939,17.2393295092885,173.753130329416,-2.63666010015408,none,2.1,1.4,rear_axle_center,0,0
3.1,-29.7799833809285,16.7770038174944,18.1006143341545,173.378143783088,-3.12599858083228,none,2.1,1.4,rear_axle_center,0,0
3.2,-30.2923911401803,16.8378049902948,18.9664702083658,172.959274919035,-3.63878337836191,none,2.1,1.4,rear_axle_center,0,0
3.3,-30.8285334378687,16.9037812292883,19.838594955256,172.716416270403,-4.17533520938521,none,2.1,1.4,rear_axle_center,0,0
3.4,-31.3882730309847,16.9764514474438,20.7144232117055,172.369479629137,-4.73552651260993,none,2.1,1.4,rear_axle_center,0,0
3.5,-31.9717489765191,17.05578302754,21.5949662752252,171.999373471243,-5.31949613435785,none,2.1,1.4,rear_axle_center,0,0
3.6,-32.5800720084262,17.1351495006621,22.4814233244375,172.393892909945,-5.92831256035227,none,2.1,1.4,rear_axle_center,0,0
3.7,-33.2126114818917,17.2190610978683,23.3723757980648,172.381953642292,-6.56137389901388,none,2.1,1.4,rear_axle_center,0,0
3.8,-33.8696243499059,17.3072653195238,24.2684072486314,172.302691629223,-7.2189354891189,none,2.1,1.4,rear_axle_center,0,0
3.9,-34.5514338145352,17.3987430792194,25.1695497253103,172.406005524159,-7.90131403227332,none,2.1,1.4,rear_axle_center,0,0
4,-35.2584696751694,17.4910993523106,26.0754111318616,172.554870043506,-8.60892405738594,none,2.1,1.4,rear_axle_center,0,0
4.1,-35.9905912801433,17.5860133397747,26.9864511083085,172.658190824255,-9.34163561597709,none,2.1,1.4,rear_axle_center,0,0
4.2,-36.7480067377913,17.6832281837981,27.9026601307547,172.732026699304,-10.0996551753873,none,2.1,1.4,rear_axle_center,0,0
4.3,-37.5308588883534,17.7828461775612,28.8239680083398,172.790126069536,-10.8831262247965,none,2.1,1.4,rear_axle_center,0,0
4.4,-38.3392787805253,17.8849447348889,29.7502937283209,172.844725330609,-11.6921803035422,none,2.1,1.4,rear_axle_center,0,0
4.5,-39.174006993782,17.9845571206992,30.6775657897606,173.427947763742,-12.5275263266634,none,2.1,1.4,rear_axle_center,0,0
4.6,-40.0352367244397,18.0794029106486,31.6109414667373,173.978179514214,-13.3893429550636,none,2.1,1.4,rear_axle_center,0,0
4.7,-40.9230579104782,18.1691120866026,32.5504863215054,174.221013841535,-13.9652136849133,none,2.1,1.4,rear_axle_center,0,0
4.8,-41.8362665602162,18.267775773335,33.4976942975404,174.005830835994,-14.0587232105292,none,2.1,1.4,rear_axle_center,0,0
4.9,-42.776005099005,18.3685605330196,34.44998406747,173.91030120808,-14.1542040859321,none,2.1,1.4,rear_axle_center,0,0
5,-43.7420783595188,18.4727511260254,35.4068241697265,173.840203298937,-14.2529421522315,none,2.1,1.4,rear_axle_center,0,0
5.1,-44.7345599907446,18.5801643386071,36.3682702350639,173.78961730025,-14.3547537830492,none,2.1,1.4,rear_axle_center,0,0
5.2,-45.7538454172483,18.6885504113752,37.3339404182774,173.987171900199,-14.457387023706,none,2.1,1.4,rear_axle_center,0,0
5.3,-46.8002066551442,18.7962630336661,38.3046993211301,174.210165560433,-14.5591940549495,none,2.1,1.4,rear_axle_center,0,0
5.4,-47.8719663964786,18.9016069740316,38.9737660175115,174.484850095674,-14.6584891361785,none,2.1,1.4,rear_axle_center,0,0
5.5,-48.9474169600909,19.0031901952631,39.0154872669453,174.738762025549,-14.7540027334361,none,2.1,1.4,rear_axle_center,0,0
5.6,-50.0243236373551,19.1024501562092,39.0578614376207,174.787907702761,-14.8471848915701,none,2.1,1.4,rear_axle_center,0,0
5.7,-51.1036296372937,19.2010845642497,39.0967328059152,174.864946382826,-14.9397279690748,none,2.1,1.4,rear_axle_center,0,0
5.8,-52.1849936798619,19.2979551921941,39.07753249005,174.943270883839,-15.0304956824798,none,2.1,1.4,rear_axle_center,0,0
5.9,-53.2676926209406,19.3928626219585,39.1066944673798,175.065910211228,-15.1192926970666,none,2.1,1.4,rear_axle_center,0,0
6,-54.3507931388244,19.4848586931585,39.1180305333238,175.244676242277,-15.2051761336176,none,2.1,1.4,rear_axle_center,0,0
6.1,-55.4340531001054,19.5724566337769,39.1176828799546,175.476059760692,-15.2866606099695,none,2.1,1.4,rear_axle_center,0,0
6.2,-56.5184418058463,19.6557121661214,39.2070964182472,175.772268023034,-15.3637963784626,none,2.1,1.4,rear_axle_center,0,0
6.3,-57.607078347891,19.7325328396977,39.3344981603723,176.115267519557,-15.4344734230804,none,2.1,1.4,rear_axle_center,0,0
6.4,-58.6994276865451,19.8022184199897,39.438396926493,176.563516343202,-15.4979945393038,none,2.1,1.4,rear_axle_center,0,0
6.5,-59.7925695054739,19.8639903237509,39.4318505767638,177.005758439255,-15.5535976335593,none,2.1,1.4,rear_axle_center,0,0
6.6,-60.8864018506593,19.9175391147955,39.4269267948672,177.426989778001,-15.6009738498413,none,2.1,1.4,rear_axle_center,0,0
6.7,-61.9820837855063,19.9637593466802,39.4895141672323,177.828653961376,-15.641011187692,none,2.1,1.4,rear_axle_center,0,0
6.8,-63.0806458123861,20.0040960232871,39.7242184926409,178.105837909869,-15.6751488135958,none,2.1,1.4,rear_axle_center,0,0
6.9,-64.1906740061439,20.0397943736355,40.1264970628838,178.34756774059,-15.7045834916024,none,2.1,1.4,rear_axle_center,0,0
7,-65.3116912056918,20.0715907914741,40.5241097071405,178.438456069003,-15.7300542960213,none,2.1,1.4,rear_axle_center,0,0
7.1,-66.4432303867627,20.1033139159615,40.9191981885966,178.449765200212,-15.7553924401548,none,2.1,1.4,rear_axle_center,0,0
7.2,-67.5854162589548,20.1358107528298,41.3135284482897,178.411865084052,-15.7814442126047,none,2.1,1.4,rear_axle_center,0,0
7.3,-68.7384619247531,20.1690565017628,41.7080347651529,178.345005574081,-15.8081836110628,none,2.1,1.4,rear_axle_center,0,0
7.4,-69.9024817705119,20.2030561750806,42.1029658355404,178.313592317791,-15.835615002368,none,2.1,1.4,rear_axle_center,0,0
7.5,-71.0775098542851,20.2375588837748,42.498148417284,178.297560641535,-15.8634873093401,none,2.1,1.4,rear_axle_center,0,0
7.6,-72.2635303941387,20.2726505855858,42.8934408016978,178.294872179536,-15.8918865773977,none,2.1,1.4,rear_axle_center,0,0
7.7,-73.4605346961211,20.3081791993533,43.2887807865845,178.292716014368,-15.9206607768548,none,2.1,1.4,rear_axle_center,0,0
7.8,-74.6685129659721,20.3441878078484,43.6841561029185,178.289351104444,-15.9498530450591,none,2.1,1.4,rear_axle_center,0,0
7.9,-75.8874642749562,20.3806647472893,44.0795769706384,178.283777378307,-15.9794517236545,none,2.1,1.4,rear_axle_center,0,0
8,-77.1173896594475,20.4175986909575,44.475045934096,178.277584039321,-16.0094454802552,none,2.1,1.4,rear_axle_center,0,0
8.1,-78.3582909141999,20.4549849308084,44.8705862193703,178.271410358271,-16.0398295967652,none,2.1,1.4,rear_axle_center,0,0
8.2,-79.6091984097138,20.492802844232,45.1339262309255,178.266586624444,-16.0705889218363,none,2.1,1.4,rear_axle_center,0,0
8.3,-80.8416251135661,20.5302849289747,44.0033078016585,178.265225698101,-16.1011166976101,none,2.1,1.4,rear_axle_center,0,0
8.4,-82.044061330917,20.5667126034639,42.9772774059415,178.253929074129,-16.1307592950208,none,2.1,1.4,rear_axle_center,0,0
8.5,-83.2195618506055,20.6009874286931,41.9722986763837,178.200803667436,-16.1584010565337,none,2.1,1.4,rear_axle_center,0,0
8.6,-84.3685958906953,20.6361337875106,40.9591052414828,178.187163002633,-16.1870636693894,none,2.1,1.4,rear_axle_center,0,0
8.7,-85.4907194722208,20.6712864498786,39.9840621897388,178.176731375835,-16.2158844223823,none,2.1,1.4,rear_axle_center,0,0
8.8,-86.5862778693662,20.7055263559265,38.9133264195561,178.104672677608,-16.2439423221332,none,2.1,1.4,rear_axle_center,0,0
8.9,-87.6508884271121,20.7405093941401,37.8507860802197,178.105928564795,-16.2729179589926,none,2.1,1.4,rear_axle_center,0,0
9,-88.6857730968382,20.7722162900492,36.8066502774287,178.330299497103,-16.2987852278609,none,2.1,1.4,rear_axle_center,0,0
9.1,-89.6918290880554,20.7997957932738,35.7755153344321,178.534143335044,-15.7201583973193,none,2.1,1.4,rear_axle_center,0,0
9.2,-90.6695240015317,20.820850205409,34.7429567927433,179.162280882351,-14.7425991781854,none,2.1,1.4,rear_axle_center,0,0
9.3,-91.6179766969325,20.8130754693132,33.6722378963849,180.960866592485,-13.7941175922211,none,2.1,1.4,rear_axle_center,0,0
9.4,-92.5353405055439,20.77764601195,32.5727477458495,183.422510581395,-12.8765669636931,none,2.1,1.4,rear_axle_center,0,0
9.5,-93.4194868140212,20.7022971008749,31.5142073029826,186.304759876762,-11.9920060539661,none,2.1,1.4,rear_axle_center,0,0
9.6,-94.2726664800609,20.5941699168138,30.5566443493701,189.018897168611,-11.1382246932768,none,2.1,1.4,rear_axle_center,0,0
9.7,-95.0939159374301,20.4495967670138,29.6478681286253,191.843669128055,-10.3161655537547,none,2.1,1.4,rear_axle_center,0,0
9.8,-95.8881400686054,20.2928879728757,28.8424801623623,192.433763689169,-9.52106221989342,none,2.1,1.4,rear_axle_center,0,0
9.9,-96.6576466339947,20.122524616733,28.036543127553,193.440100668823,-8.75059832217605,none,2.1,1.4,rear_axle_center,0,0
10,-97.4008788582304,19.9420623164761,27.1371337610986,194.62997452035,-8.00635085124634,none,2.1,1.4,rear_axle_center,0,0
10.1,-98.1140449001078,19.751742050004,26.1716704479265,195.651048435027,-7.29211295864786,none,2.1,1.4,rear_axle_center,0,0
10.2,-98.794827774469,19.5473359083358,25.133662971752,198.015870660798,-6.6101775244525,none,2.1,1.4,rear_axle_center,0,0
10.3,-99.4402784723902,19.3245716715561,24.0980814895343,199.929329411991,-5.96346919001576,none,2.1,1.4,rear_axle_center,0,0
10.4,-100.044131414714,19.0798772220268,22.9139573834018,203.85121371469,-5.35823309855041,none,2.1,1.4,rear_axle_center,0,0
10.5,-100.599668468654,18.8137332825446,21.5960891646567,208.192240448234,-4.80119001052559,none,2.1,1.4,rear_axle_center,0,0
10.6,-101.098637183301,18.5239993841813,20.3082413669799,213.012358626329,-4.30058005843271,none,2.1,1.4,rear_axle_center,0,0
10.7,-101.54085378904,18.2119558328076,19.0782157114059,218.790766647067,-3.85659429710136,none,2.1,1.4,rear_axle_center,0,0
10.8,-101.923342700478,17.8784545970772,17.9692178411493,224.649523420186,-3.47221311358038,none,2.1,1.4,rear_axle_center,0,0
10.9,-102.259174743549,17.5338693541682,17.0686277634679,229.566107406542,-3.13442494629709,none,2.1,1.4,rear_axle_center,0,0
11,-102.550831051157,17.1817937481178,16.1860285311433,234.360215121027,-2.84076915951493,none,2.1,1.4,rear_axle_center,0,0
11.1,-102.798318624797,16.8244700029964,15.3251696328119,238.955323972792,-2.59125151580515,none,2.1,1.4,rear_axle_center,0,0
11.2,-103.009430442857,16.473542469012,14.4536401810804,240.82260568607,-2.37814544898434,none,2.1,1.4,rear_axle_center,0,0
11.3,-103.227388276432,16.1536286579715,13.6646373496285,237.228013453913,-2.1583700244585,none,2.1,1.4,rear_axle_center,0,0
11.4,-103.441713110766,15.8571694200811,12.745383403276,235.064168743879,-1.94236105642531,none,2.1,1.4,rear_axle_center,0,0
11.5,-103.634847470351,15.5784782370419,11.7523176189202,234.970265982773,-1.74764336517754,none,2.1,1.4,rear_axle_center,0,0
11.6,-103.809829205823,15.3213814869143,10.7519395338018,235.146617944829,-1.57120093111463,none,2.1,1.4,rear_axle_center,0,0
11.7,-103.969569721929,15.0875348768371,9.75623986117848,235.405467439255,-1.41013182184158,none,2.1,1.4,rear_axle_center,0,0
11.8,-104.114119095598,14.8766204382798,8.76226190954513,235.613780002405,-1.26438415119269,none,2.1,1.4,rear_axle_center,0,0
11.9,-104.243129649111,14.6883773474507,7.76781206784161,235.727463669534,-1.13430410650412,none,2.1,1.4,rear_axle_center,0,0
12,-104.360704434161,14.5163690184109,7.50564690458337,235.732958142675,-1.01575206203317,none,2.1,1.4,rear_axle_center,0,0
12.1,-104.484997645067,14.3342445678493,8.04896320713884,235.721456802789,-0.890424114127447,none,2.1,1.4,rear_axle_center,0,0
12.2,-104.617753038903,14.1397972592846,8.6109271019367,235.73851176571,-0.756563972028872,none,2.1,1.4,rear_axle_center,0,0
12.3,-104.758043481988,13.9341734141982,9.15939516568525,235.741274500175,-0.615105279877242,none,2.1,1.4,rear_axle_center,0,0
12.4,-104.906065420006,13.7169930661273,9.71082921321339,235.730833629249,-0.465849432198219,none,2.1,1.4,rear_axle_center,0,0
12.5,-105.062494195066,13.4873180535339,10.2740021964736,235.727651001222,-0.308115757301638,none,2.1,1.4,rear_axle_center,0,0
12.6,-105.226096374654,13.243385037981,10.8385025614374,236.581356854544,-0.143127629841122,none,2.1,1.4,rear_axle_center,0,0
12.7,-105.392480482229,12.9823907690286,11.4003838174136,237.786342664926,0.0247395024144694,none,2.1,1.4,rear_axle_center,0,0
12.8,-105.5643916062,12.706245128838,11.9661264923723,238.760302159737,0.198219811313938,none,2.1,1.4,rear_axle_center,0,0
12.9,-105.739138882007,12.4134640412456,12.5334378241157,239.682124478622,0.374630924060188,none,2.1,1.4,rear_axle_center,0,0
13,-105.914683123937,12.1032023370783,13.0710416193194,241.900639408008,0.551938499140893,none,2.1,1.4,rear_axle_center,0,0
13.1,-106.085765999035,11.7736429152373,13.6324471126056,243.372621831156,0.724894632722477,none,2.1,1.4,rear_axle_center,0,0
13.2,-106.25219196908,11.4250303516985,14.1654648716753,245.792062050616,0.893302397492615,none,2.1,1.4,rear_axle_center,0,0
13.3,-106.413935254636,11.0577505519125,14.732694863495,247.243292083291,1.0571338176509,none,2.1,1.4,rear_axle_center,0,0
13.4,-106.5726382465,10.6716873857598,15.3035807353153,248.989499883383,1.21803191845823,none,2.1,1.4,rear_axle_center,0,0
13.5,-106.726037275237,10.266347128646,15.8764598304017,250.548978238889,1.37373587770539,none,2.1,1.4,rear_axle_center,0,0
13.6,-106.885992548991,9.8457001791472,16.4963687946267,249.721191968952,1.53608310971297,none,2.1,1.4,rear_axle_center,0,0
13.7,-107.053939254176,9.40950991274192,17.0959841275718,249.528940104958,1.70651012463585,none,2.1,1.4,rear_axle_center,0,0
13.8,-107.22239143393,8.95575144562337,17.6863217741166,250.062277279594,-1.6224573863607,none,2.1,1.4,rear_axle_center,0,0
13.9,-107.378121666767,8.48128208431083,18.2272484527805,252.556670937789,-1.46402874053446,none,2.1,1.4,rear_axle_center,0,0
14,-107.522737278673,7.98759173514068,18.7652455947727,255.149401095879,-1.3166051192937,none,2.1,1.4,rear_axle_center,0,0
14.1,-107.645369008087,7.47404748887133,19.2859667116324,257.795078790537,-1.19105200522764,none,2.1,1.4,rear_axle_center,0,0
14.2,-107.772103662881,6.94473408671754,19.928505424602,257.101158536513,-1.06130626569575,none,2.1,1.4,rear_axle_center,0,0
14.3,-107.902442199318,6.39733485230958,20.5378313315034,257.06405548083,-0.927853748573688,none,2.1,1.4,rear_axle_center,0,0
14.4,-108.04085840796,5.8339851284664,21.1491909925404,256.690027971444,-0.78623289131257,none,2.1,1.4,rear_axle_center,0,0
14.5,-108.177449492262,5.25280649237073,21.7546127376854,256.975126215017,-0.646335637008827,none,2.1,1.4,rear_axle_center,0,0
14.6,-108.311906265238,4.65413370755284,22.3550250974127,257.744371905098,-0.0702228206266418,none,2.1,1.4,rear_axle_center,0,0
14.7,-108.422873303842,4.03517610307422,22.8691264724329,260.94056420692,-0.3939843911881,none,2.1,1.4,rear_axle_center,0,0
14.8,-108.509901229913,3.39778237048697,23.4508247108812,263.144412879958,-0.303329485326179,none,2.1,1.4,rear_axle_center,0,0
14.9,-108.580368017536,2.74200665765663,24.0504765476763,265.111305999682,-0.229130809405131,none,2.1,1.4,rear_axle_center,0,0
15,-108.631449751168,2.06751533724021,24.6544313205931,266.979318952459,-0.174210334023968,none,2.1,1.4,rear_axle_center,0,0
15.1,-108.660144225963,1.37478270746538,25.2417655832457,269.157087484259,-0.141572915348699,none,2.1,1.4,rear_axle_center,0,0
15.2,-108.692413539636,0.664759905598828,25.8968497902955,267.387602263937,-0.10526229070617,none,2.1,1.4,rear_axle_center,0,0
15.3,-108.73714710939,-0.0629799421914305,26.5218591598451,266.97502401117,-0.0563867569281013,none,2.1,1.4,rear_axle_center,0,0
15.4,-108.780749748579,-0.808331353736281,27.1458591550321,266.648892870288,-0.00854188084445032,none,2.1,1.4,rear_axle_center,0,0
15.5,-108.824327377691,-1.57083379388497,27.7702573817043,266.641426583714,0.0393756184980327,none,2.1,1.4,rear_axle_center,0,0
15.6,-108.869342526306,-2.35042062591542,28.3961771226782,266.619950105357,0.0626347660693267,none,2.1,1.4,rear_axle_center,0,0
15.7,-108.915225224897,-3.1473648685363,29.0242129001855,266.68430763089,-0.0769737942247038,none,2.1,1.4,rear_axle_center,0,0
15.8,-108.961770623488,-3.96183295392571,29.6545354947152,266.746545236106,0.190427497789635,none,2.1,1.4,rear_axle_center,0,0
15.9,-109.008792626104,-4.79390561912314,30.2869545085549,266.798864848453,0.242185346177774,none,2.1,1.4,rear_axle_center,0,0
16,-109.056044610468,-5.64362299817354,30.9212769742819,266.862551872575,0.268431386720374,none,2.1,1.4,rear_axle_center,0,0
16.1,-109.103240340746,-6.51101931470794,31.5575028817943,266.921245571603,0.346406270406593,none,2.1,1.4,rear_axle_center,0,0
16.2,-109.150496835277,-7.39612566756551,32.1956946007448,266.979527781178,0.398700503345104,none,2.1,1.4,rear_axle_center,0,0
16.3,-109.19743039638,-8.29902463188223,32.835863578736,267.06782602333,-0.249253187843752,none,2.1,1.4,rear_axle_center,0,0
16.4,-109.24384982398,-9.21978176920553,33.4780105311758,267.189463954048,0.0463554370038344,none,2.1,1.4,rear_axle_center,0,0
16.5,-109.288560008279,-10.1585142229479,34.1222443437961,267.3316754949,0.29182459642565,none,2.1,1.4,rear_axle_center,0,0
16.6,-109.326903058357,-11.1154476127204,34.7624952076501,268.03541082649,0.479641656383372,none,2.1,1.4,rear_axle_center,0,0
16.7,-109.350600759215,-12.0905442586452,35.4039189416935,268.860087609899,0.598049694075496,none,2.1,1.4,rear_axle_center,0,0
16.8,-109.362356105241,-13.0836167802316,36.0485814246173,269.757086391226,0.642932616233892,none,2.1,1.4,rear_axle_center,0,0
16.9,-109.359728692557,-14.0946881727711,36.6981679282984,270.616688914963,0.646060811344946,none,2.1,1.4,rear_axle_center,0,0
17,-109.342016346117,-15.1237139177606,37.3506160823133,271.476565775914,0.634206523000916,none,2.1,1.4,rear_axle_center,0,0
17.1,-109.322531526636,-16.1706649655696,37.9405559901878,271.183355745443,0.620681830854039,none,2.1,1.4,rear_axle_center,0,0
17.2,-109.304859710989,-17.2227216455208,37.9636370055006,271.150895939655,0.608999177184921,none,2.1,1.4,rear_axle_center,0,0
17.3,-109.285865498151,-18.2752542102369,37.9376662720344,271.016272527501,0.595996856744285,none,2.1,1.4,rear_axle_center,0,0
17.4,-109.269634460895,-19.3292167635504,37.9644136718411,270.888634265154,0.585765807384016,none,2.1,1.4,rear_axle_center,0,0
17.5,-109.252750250487,-20.3842747040338,37.9860021374274,270.821790995907,0.574887830990842,none,2.1,1.4,rear_axle_center,0,0
17.6,-109.2481352911,-21.4397009207417,37.9909315291296,269.966970894928,0.576281003250918,none,2.1,1.4,rear_axle_center,0,0
17.7,-109.273254211558,-22.4937597382411,37.9382183433181,267.897234765039,0.607399789614199,none,2.1,1.4,rear_axle_center,0,0
17.8,-109.33074757492,-23.5460312520557,37.9853425620306,266.159094866182,0.670882320030235,none,2.1,1.4,rear_axle_center,0,0
17.9,-109.413548384088,-24.5996088838363,38.0977031194594,264.995630124083,0.759679321334735,none,2.1,1.4,rear_axle_center,0,0
18,-109.486330657453,-25.6576157708,38.2048725038122,265.611910937237,0.838483162878115,none,2.1,1.4,rear_axle_center,0,0
18.1,-109.559456006325,-26.7156453829155,38.1799574523852,265.81503307024,0.917630203734687,none,2.1,1.4,rear_axle_center,0,0
18.2,-109.633432375952,-27.7737295463392,38.1961313426652,265.974343556587,0.997628562092487,none,2.1,1.4,rear_axle_center,0,0
18.3,-109.706894147278,-28.8347721808647,38.407429607042,266.12365737922,1.07712917170609,none,2.1,1.4,rear_axle_center,0,0
18.4,-109.779396018974,-29.903942827588,38.6745836836992,266.209915822227,1.15571616628226,none,2.1,1.4,rear_axle_center,0,0
18.5,-109.850828360969,-30.9804620095151,38.9383895564163,266.276144847595,1.2332754803249,none,2.1,1.4,rear_axle_center,0,0
18.6,-109.921162870143,-32.0640297256077,39.200070476146,266.338227777833,1.30977710340341,none,2.1,1.4,rear_axle_center,0,0
18.7,-109.990480455623,-33.1546961708154,39.4610446038074,266.403670006971,1.38530222906942,none,2.1,1.4,rear_axle_center,0,0
18.8,-110.059153278848,-34.252585032114,39.7221219679426,266.45443265514,1.4602237168267,none,2.1,1.4,rear_axle_center,0,0
18.9,-110.125665383931,-35.3579081609368,39.9813915260562,266.751939789036,1.5330268413221,none,2.1,1.4,rear_axle_center,0,0
19,-110.174719616304,-36.4712236475405,40.2195605131275,267.972892100376,1.58841787279546,none,2.1,1.4,rear_axle_center,0,0
19.1,-110.186624952391,-37.5909043362276,40.4007667102601,270.17709198903,1.60669684406558,none,2.1,1.4,rear_axle_center,0,0
19.2,-110.172796430261,-38.7164040059381,40.6625919314058,271.423722703708,1.59927549886351,none,2.1,1.4,rear_axle_center,0,0
19.3,-110.153787280815,-39.8491340639483,40.9267276242917,271.095377356601,1.58671476956496,none,2.1,1.4,rear_axle_center,0,0
19.4,-110.141645803704,-40.9900427340217,41.1901712556793,270.962824951295,1.58106815841125,none,2.1,1.4,rear_axle_center,0,0
19.5,-110.127146281053,-42.1385393863254,41.4523944222084,270.817837654874,1.5731067348223,none,2.1,1.4,rear_axle_center,0,0
19.6,-110.112047913298,-43.2941286249058,41.7130680877525,270.714118513276,1.56458685066995,none,2.1,1.4,rear_axle_center,0,0
19.7,-110.097369607967,-44.4567137578561,41.9730792737534,270.658098756185,1.55652684655007,none,2.1,1.4,rear_axle_center,0,0
19.8,-110.083479240143,-45.6264185423244,42.2332203857563,270.628474916231,1.54929529607724,none,2.1,1.4,rear_axle_center,0,0
19.9,-110.070382555147,-46.8033751258753,42.4937454604016,270.606072229296,1.54289869673615,none,2.1,1.4,rear_axle_center,0,0
20,-110.057976884798,-47.987637169409,42.7544886157479,270.581521524674,1.53723468747497,none,2.1,1.4,rear_axle_center,0,0
20.1,-110.046180056513,-49.1791933884937,43.0152180154227,270.552895011375,1.53222103280539,none,2.1,1.4,rear_axle_center,0,0
20.2,-110.034960628941,-50.3780113843131,43.2758057685758,270.521453703146,1.52782610745346,none,2.1,1.4,rear_axle_center,0,0
20.3,-110.024323496632,-51.5840663188393,43.5362282482174,270.488861897699,1.52405466450011,none,2.1,1.4,rear_axle_center,0,0
20.4,-110.014399808322,-52.7973469686909,43.7964768519557,270.433116265161,1.5210377866654,none,2.1,1.4,rear_axle_center,0,0
20.5,-110.006230511564,-54.0178548114292,44.0566511828541,270.354587523366,1.51981641304795,none,2.1,1.4,rear_axle_center,0,0
20.6,-109.999459095022,-55.24560895415,44.3168013717171,270.279854487895,1.52003414685675,none,2.1,1.4,rear_axle_center,0,0
20.7,-109.992855456518,-56.4806094254492,44.5767409106192,270.324980667293,1.52046090600569,none,2.1,1.4,rear_axle_center,0,0
20.8,-109.984687887185,-57.7228052301155,44.8366028358887,270.3719114201,1.51936471939442,none,2.1,1.4,rear_axle_center,0,0
20.9,-109.975777463224,-58.9721842963956,45.0964705719659,270.423072840537,1.51756658120258,none,2.1,1.4,rear_axle_center,0,0
21,-109.96594182387,-60.2287793648782,45.3563734389974,270.473059713795,1.51488431999601,none,2.1,1.4,rear_axle_center,0,0
21.1,-109.955081645051,-61.4925998089942,45.6162632280936,270.520226048369,1.5112186666702,none,2.1,1.4,rear_axle_center,0,0
21.2,-109.943147752416,-62.7636377004753,45.876073760898,270.565562543696,1.50652040254001,none,2.1,1.4,rear_axle_center,0,0
21.3,-109.931019705661,-64.041880447857,46.1358008668401,270.551264399375,1.50166900137226,none,2.1,1.4,rear_axle_center,0,0
21.4,-109.919142737847,-65.3273456844019,46.3954625902907,270.529899840583,1.49710978939226,none,2.1,1.4,rear_axle_center,0,0
21.5,-109.907601217211,-66.6200321061222,46.6550341574694,270.507290990359,1.49292712604623,none,2.1,1.4,rear_axle_center,0,0
21.6,-109.89637161693,-67.9199288257475,46.9144891928973,270.484915686343,1.48909742291724,none,2.1,1.4,rear_axle_center,0,0
21.7,-109.885513843922,-69.2270285117811,47.1738446906488,270.463790839125,1.48568054421748,none,2.1,1.4,rear_axle_center,0,0
21.8,-109.875055877644,-70.5413311439947,47.4331323654854,270.443646596398,1.48270446883497,none,2.1,1.4,rear_axle_center,0,0
21.9,-109.865008524054,-71.8628382763118,47.6923547135618,270.423879501296,1.48018001139876,none,2.1,1.4,rear_axle_center,0,0
22,-109.855375662607,-73.1915498585362,47.9515092209425,270.404096405425,1.47811105101495,none,2.1,1.4,rear_axle_center,0,0
22.1,-109.84616081709,-74.5274636976165,48.2105881689317,270.384127605108,1.47650109892993,none,2.1,1.4,rear_axle_center,0,0
22.2,-109.837368755728,-75.8705767022704,48.4695918245028,270.363978011748,1.47535490569448,none,2.1,1.4,rear_axle_center,0,0
22.3,-109.829005783437,-77.22088585577,48.7285173371872,270.343714520469,1.47467875894856,none,2.1,1.4,rear_axle_center,0,0
22.4,-109.821078904516,-78.5783885680391,48.9873580537525,270.32334183212,1.47447964813424,none,2.1,1.4,rear_axle_center,0,0
22.5,-109.813596061272,-79.9430824523767,49.2461210928986,270.302873751368,1.4747655018422,none,2.1,1.4,rear_axle_center,0,0
22.6,-109.806564160647,-81.314965399483,49.5048068553299,270.28236208895,1.47554321489763,none,2.1,1.4,rear_axle_center,0,0
22.7,-109.79999030692,-82.6940351401725,49.7634084195799,270.261758422495,1.47681987854499,none,2.1,1.4,rear_axle_center,0,0
22.8,-109.793882066625,-84.0802894308282,50.0219363039871,270.24107302429,1.47860304642479,none,2.1,1.4,rear_axle_center,0,0
22.9,-109.788246246424,-85.4737259198359,50.2803838594226,270.22031884359,1.4808995117021,none,2.1,1.4,rear_axle_center,0,0
23,-109.78309010313,-86.8743421213332,50.5387477451844,270.199472688445,1.48371651692071,none,2.1,1.4,rear_axle_center,0,0
23.1,-109.778420928739,-88.2821356295605,50.7970316325913,270.178553149528,1.48706134026418,none,2.1,1.4,rear_axle_center,0,0
23.2,-109.774245678779,-89.6971041900563,51.0552425325254,270.15754920829,1.49094092431477,none,2.1,1.4,rear_axle_center,0,0
23.3,-109.770571590707,-91.1192453451067,51.3133703488904,270.136470294976,1.49536249241989,none,2.1,1.4,rear_axle_center,0,0
23.4,-109.767406010234,-92.5485566782089,51.5714152556178,270.115315061711,1.50033337641684,none,2.1,1.4,rear_axle_center,0,0
23.5,-109.764755973198,-93.9850357679565,51.8293774411152,270.094089584812,1.50586059824458,none,2.1,1.4,rear_axle_center,0,0
23.6,-109.762628802563,-95.428680017161,52.0872536292405,270.072778279098,1.51195146596499,none,2.1,1.4,rear_axle_center,0,0
23.7,-109.761031897431,-96.8794868645535,52.3450440210348,270.051391766125,1.5186133639798,none,2.1,1.4,rear_axle_center,0,0
23.8,-109.759972565833,-98.3374538695275,52.6027556619274,270.029920586687,1.52585358630823,none,2.1,1.4,rear_axle_center,0,0
23.9,-109.759458064642,-99.8025786101726,52.8603887483866,270.008375621438,1.53367937591836,none,2.1,1.4,rear_axle_center,0,0
24,-109.759495849233,-101.274858473215,53.1179297333864,269.986755504946,1.51047762294452,none,2.1,1.4,rear_axle_center,0,0
24.1,-109.760093229743,-102.754290906359,53.3753891085613,269.965054568641,1.2986911515007,none,2.1,1.4,rear_axle_center,0,0
24.2,-109.761257818479,-104.240873319791,53.6327636390686,269.943270843289,0.883466963689634,none,2.1,1.4,rear_axle_center,0,0
24.3,-109.762997114362,-105.73460319918,53.8900500712635,269.921420620747,-0.0946273570800092,none,2.1,1.4,rear_axle_center,0,0
24.4,-109.765318361329,-107.235477888595,54.1472554979755,269.899478694039,-0.346032280180145,none,2.1,1.4,rear_axle_center,0,0
24.5,-109.76822930933,-108.743494804728,54.4043732325998,269.877462005845,-0.585743312072177,none,2.1,1.4,rear_axle_center,0,0
24.6,-109.771737234947,-110.258651221241,54.6614000160852,269.855380152324,0.929413293050211,none,2.1,1.4,rear_axle_center,0,0
24.7,-109.775849605418,-111.780944562985,54.9183463669902,269.833222095019,1.04829048536944,none,2.1,1.4,rear_axle_center,0,0
24.8,-109.780573740663,-113.310372127617,55.1751987354469,269.810993890276,-0.48114268384865,none,2.1,1.4,rear_axle_center,0,0
24.9,-109.785917292911,-114.846931190366,55.4319642045448,269.788690046657,-0.27158323439954,none,2.1,1.4,rear_axle_center,0,0
25,-109.79188773488,-116.390619117135,55.6886498596411,269.766307116233,-0.0614091961478816,none,2.1,1.4,rear_axle_center,0,0
25.1,-109.798493047487,-117.941433168478,55.9452387368658,269.743847094967,0.768884880081638,none,2.1,1.4,rear_axle_center,0,0
25.2,-109.805740136589,-119.4993705687,56.2017412710045,269.721325818209,1.25689748312977,none,2.1,1.4,rear_axle_center,0,0
25.3,-109.813818041197,-121.064109130853,56.4592921873058,269.701103632505,1.57769653952373,none,2.1,1.4,rear_axle_center,0,0
25.4,-109.822115766536,-122.636548362854,56.716619680075,269.670104042152,1.71922269767407,none,2.1,1.4,rear_axle_center,0,0
25.5,-109.831378348578,-124.215865850704,56.9570012006548,269.653697639486,1.74457212993427,none,2.1,1.4,rear_axle_center,0,0
25.6,-109.841032059117,-125.80176425107,57.212487406366,269.62983594427,1.73674652448395,none,2.1,1.4,rear_axle_center,0,0
25.7,-109.8514805408,-127.39479154318,57.4683293068238,269.609820376134,1.71722983912668,none,2.1,1.4,rear_axle_center,0,0
25.8,-109.862644036994,-128.994979368421,57.7243349498573,269.588713852785,1.69695738921669,none,2.1,1.4,rear_axle_center,0,0
25.9,-109.874499202497,-130.602305755797,57.9803178721256,269.566392349036,1.67595264464789,none,2.1,1.4,rear_axle_center,0,0
26,-109.887044665961,-132.216743417506,58.2361729615472,269.543322497616,1.65421713208324,none,2.1,1.4,rear_axle_center,0,0
26.1,-109.90029025145,-133.838276688002,58.4918906304735,269.519952898182,1.63174111679431,none,2.1,1.4,rear_axle_center,0,0
26.2,-109.914249092051,-135.466900315153,58.7474898899914,269.496518974811,1.60851149580423,none,2.1,1.4,rear_axle_center,0,0
26.3,-109.92893229831,-137.102613229789,59.002983728375,269.473122126701,1.58451716483423,none,2.1,1.4,rear_axle_center,0,0
26.4,-109.944349453057,-138.745414784472,59.2583932629556,269.449717903392,1.55974854489557,none,2.1,1.4,rear_axle_center,0,0
26.5,-109.960508614463,-140.395303100374,59.5137052091588,269.426276314887,1.53419758864187,none,2.1,1.4,rear_axle_center,0,0
26.6,-109.977417055298,-142.052275410609,59.7689336882545,269.402778215539,1.50785703917227,none,2.1,1.4,rear_axle_center,0,0
26.7,-109.995082005826,-143.71632853916,60.0240584132777,269.379214282799,1.48071968442037,none,2.1,1.4,rear_axle_center,0,0
26.8,-110.012687814021,-145.387480254912,60.2786336697357,269.448749864274,1.45360106204454,none,2.1,1.4,rear_axle_center,0,0
26.9,-110.009477775667,-147.065523364823,60.4960472520027,270.51756085419,1.44725871940383,none,2.1,1.4,rear_axle_center,0,0
27,-109.963090066252,-148.746876224812,60.5988447752053,272.128205311454,1.48407450734355,none,2.1,1.4,rear_axle_center,0,0
27.1,-109.866710908695,-150.42655481879,60.6112490642576,274.034875068164,1.57089046425876,none,2.1,1.4,rear_axle_center,0,0
27.2,-109.71655002582,-152.100434654526,60.5459071475529,276.075913523138,1.71152028475523,none,2.1,1.4,rear_axle_center,0,0
27.3,-109.507947175232,-153.766251008671,60.4634155683529,278.234664988754,1.58936297225109,none,2.1,1.4,rear_axle_center,0,0
27.4,-109.239397989801,-155.420830189848,60.3376523652985,280.374359366111,1.33023689763739,none,2.1,1.4,rear_axle_center,0,0
27.5,-108.909733331969,-157.060222513052,60.1975186874568,282.563179533135,1.0099098890451,none,2.1,1.4,rear_axle_center,0,0
27.6,-108.518178774153,-158.681324287894,60.0400639898494,284.760363599885,0.627589863554522,none,2.1,1.4,rear_axle_center,0,0
27.7,-108.0667522428,-160.283010226378,59.8548802290436,286.913048105915,0.185288309168242,none,2.1,1.4,rear_axle_center,0,0
27.8,-107.555198529004,-161.861465374308,59.6645637551566,289.175192307295,-0.317271695665034,none,2.1,1.4,rear_axle_center,0,0
27.9,-106.986413785225,-163.412567545832,59.4506105520853,291.385122995976,-0.877217511123879,none,2.1,1.4,rear_axle_center,0,0
28,-106.369358335741,-164.929165256037,58.4937501345472,293.205093547957,-1.48562966823128,none,2.1,1.4,rear_axle_center,0,0
28.1,-105.725690778153,-166.394964182729,57.2152280235199,294.96894562395,1.37905732359253,none,2.1,1.4,rear_axle_center,0,0
28.2,-105.046810540155,-167.808393712424,55.9964134111083,296.91808064022,0.708234090611528,none,2.1,1.4,rear_axle_center,0,0
28.3,-104.332476377716,-169.167601745732,54.7956505568729,298.991688214217,0.00164884955296035,none,2.1,1.4,rear_axle_center,0,0
28.4,-103.587140600584,-170.474266261189,53.6450645879876,301.118251988632,-0.736236610012447,none,2.1,1.4,rear_axle_center,0,0
28.5,-102.80641419328,-171.723300594856,52.400824727922,303.381615515109,-1.50984018849428,none,2.1,1.4,rear_axle_center,0,0
28.6,-102.000948379612,-172.914140648366,51.1734548710472,305.642804920941,-2.30851404581437,none,2.1,1.4,rear_axle_center,0,0
28.7,-101.186319653941,-174.026875424129,48.1322447042251,308.62187139295,-3.1167952841597,none,2.1,1.4,rear_axle_center,0,0
28.8,-100.331778683563,-174.895147652583,32.0532739449925,341.291126274737,-3.96637973357009,none,2.1,1.4,rear_axle_center,0,0
28.9,-99.5224679300948,-175.231660683787,31.5205828242766,342.648690080229,-4.77376175988239,none,2.1,1.4,rear_axle_center,0,0
29,-98.8452625710851,-175.553404178284,9.2462780272252,335.035196835864,-5.44912460838416,none,2.1,1.4,rear_axle_center,0,0
29.1,-98.6628264790625,-175.613151701248,7.52386436143635,318.6880252612,-5.63121762924372,none,2.1,1.4,rear_axle_center,0,0
29.2,-98.6419037446815,-175.629993641156,0.542600824840526,230.032252092744,-5.65204415118991,none,2.1,1.4,rear_axle_center,0,0
29.3,-98.6524578791425,-175.629753934903,0.178513734849287,265.825277214948,-5.6414915522714,none,2.1,1.4,rear_axle_center,0,0
29.4,-98.6578018782193,-175.619680978659,0.051861565584135,265.725176946593,-5.63620498049665,none,2.1,1.4,rear_axle_center,0,0
29.5,-98.657719474099,-175.6169235055,0.0213477609126979,265.715859769247,-5.63630308031045,none,2.1,1.4,rear_axle_center,0,0
29.6,-98.6568971487922,-175.615748142225,0.0148940589476447,265.729102473342,-5.63713208309683,none,2.1,1.4,rear_axle_center,0,0
29.7,-98.6563569801409,-175.615128792052,0.0116026205084831,265.742079293642,-5.63767576867212,none,2.1,1.4,rear_axle_center,0,0
29.8,-98.6563540525434,-175.614920220027,0.0151890164046115,265.745539536345,-5.637679883527,none,2.1,1.4,rear_axle_center,0,0
29.9,-98.6563592937671,-175.614721025065,3.09397956311357e-15,265.748449443146,-5.63767577631373,none,2.1,1.4,rear_axle_center,0,0
30,-98.6563731882761,-175.614466140397,0.0168793157464899,265.752714833783,-5.63766333297119,none,2.1,1.4,rear_axle_center,0,0
